transaction_id,customer_id,date,amount,transaction_type,destination_country,is_suspicious
99e05eb1-048e-4305-89e9-d18def7af955,CUST-3579,2024-01-01 19:22:00,2172.67,wire_transfer,US,False
a7e0f19a-675e-4c0c-ba79-6d2c7a451853,CUST-4827,2024-01-01 21:55:00,4887.92,wire_transfer,US,False
741bd52f-29e8-4a3c-b851-d86fd7cffb7f,CUST-6253,2024-01-02 08:54:00,8856.41,withdrawal,CA,False
a79ef66b-bc2f-49e7-b6e5-af1e8c3d498c,CUST-1540,2024-01-04 02:45:00,5683.62,withdrawal,US,False
cd2535f1-27ac-4385-bad3-ff11aff2768b,CUST-5269,2024-01-04 05:44:00,3809.3,transfer,US,False
5affeacf-b369-43cc-a866-6d8a99c4aaa4,CUST-1665,2024-01-04 05:55:00,1297.83,wire_transfer,US,False
c439b9c0-b97a-45ef-b23b-be5e497ad102,CUST-1211,2024-01-04 13:01:00,10824.94,wire_transfer,KP,True
0363debe-e05f-458a-97ac-76db72fd7859,CUST-3465,2024-01-04 17:35:00,3707.93,deposit,CA,False
5d669f3f-ee0e-4c6b-9839-144b619b852f,CUST-9811,2024-01-07 18:18:00,4229.88,wire_transfer,US,False
f4d68b6e-95ad-4ff9-84cc-ed7dd6167c21,CUST-8851,2024-01-07 22:08:00,38060.28,deposit,US,True
4e0e5538-4174-4949-85da-8923d5b06291,CUST-0705,2024-01-08 17:26:00,847.95,deposit,UK,False
9e10b361-3497-4c8a-99d3-e7cb3700b567,CUST-3766,2024-01-08 23:09:00,3695.71,withdrawal,US,False
e305b885-2d55-4842-9aec-b8a208f47a8e,CUST-7525,2024-01-09 06:37:00,1306.28,wire_transfer,US,False
2260b64f-0edb-49e0-be88-7e0d94ff4f3f,CUST-4822,2024-01-09 20:32:00,5179.68,withdrawal,US,False
5e65b893-3d92-4515-91c4-3d2149623ecb,CUST-9920,2024-01-12 09:29:00,6064.76,wire_transfer,CA,False
147a7753-7f10-448d-b4b9-1f7e84996da1,CUST-8132,2024-01-15 02:02:00,8537.44,transfer,US,False
b2b9ac6a-45b5-4d88-ad50-c0c85088af25,CUST-8851,2024-01-15 20:38:00,7195.83,withdrawal,US,False
918e6126-55e4-4ec7-8ac0-c473684cad43,CUST-3579,2024-01-17 00:05:00,1975.56,deposit,CA,False
467bf7dd-30eb-44c2-8b92-1b7a5d233984,CUST-9848,2024-01-17 09:26:00,1628.03,withdrawal,UK,False
b197b11b-0acd-482b-9e79-5bd9b5f1b832,CUST-1540,2024-01-17 10:25:00,2416.99,withdrawal,CA,False
0fc585e1-84ec-4c37-93f2-d66cbebdd3ab,CUST-5293,2024-01-17 19:09:00,6114.77,transfer,US,False
7ccc5f0c-1471-4873-a2b8-f232f2ca8366,CUST-4822,2024-01-19 11:37:00,4977.2,wire_transfer,US,False
7766124a-5033-411b-adb9-db398d08e468,CUST-5293,2024-01-21 05:30:00,4675.48,wire_transfer,US,False
02c1b4a3-efe9-45fe-b80a-6f24f923f7c5,CUST-6230,2024-01-22 23:55:00,8205.35,wire_transfer,US,False
5f052d07-c044-4083-bf03-080e59c9440a,CUST-4550,2024-01-23 12:28:00,2116.71,withdrawal,US,False
8380e8d0-d5ce-42f4-82bd-3b05fe0caa39,CUST-8636,2024-01-24 12:04:00,26924.78,wire_transfer,KP,True
365978a6-71ba-4475-b9e7-cb4d816daed8,CUST-0860,2024-01-25 00:26:00,1246.05,withdrawal,US,False
b04ac6b4-e1eb-43ee-a4f6-ccaaa8334e0c,CUST-3797,2024-01-26 08:24:00,2952.9,wire_transfer,US,False
bf5e0845-2132-4174-9f2f-b7e4ed106c14,CUST-9987,2024-01-26 18:30:00,4530.62,withdrawal,US,False
f1f043f3-3fe6-4faf-95c4-4bdb89d0d779,CUST-3797,2024-01-27 08:55:00,4304.79,deposit,UK,False
f7814520-fe51-492c-a1e0-90487134e13f,CUST-6374,2024-01-27 18:35:00,1759.95,transfer,US,False
3daa089b-b414-40a2-998f-44d687247331,CUST-3884,2024-01-30 02:42:00,5741.24,transfer,CA,False
2f7151f5-63a7-40c7-b237-1777a5edb516,CUST-3766,2024-01-30 17:26:00,8710.4,withdrawal,UK,False
85ad804d-ec83-434d-9460-70a821c037d5,CUST-5293,2024-01-30 17:29:00,6058.18,transfer,US,False
9226ec4b-fb5a-48f3-b95e-56dd7be99495,CUST-0705,2024-01-31 18:35:00,5059.53,deposit,UK,False
15346f7c-5b8f-464c-8db8-ece2fe1638cd,CUST-6253,2024-02-02 12:24:00,5367.04,wire_transfer,CA,False
e2dabb41-bfa0-4662-9cbe-5a583dd6a67e,CUST-4769,2024-02-03 09:25:00,8996.36,wire_transfer,CA,False
281ff178-6528-4033-9fcc-2f8b22b67271,CUST-3680,2024-02-04 00:16:00,1949.53,deposit,UK,False
839b96ba-e22e-4070-964d-60315afc9ac2,CUST-2252,2024-02-04 03:38:00,311.85,deposit,US,False
ab35d93f-50b7-4a10-a73f-b7aff7fd2052,CUST-2010,2024-02-04 07:49:00,5810.01,transfer,UK,False
c37714b6-4873-430b-8ec6-0d99f8c36d0a,CUST-6230,2024-02-04 15:28:00,5686.15,transfer,CA,False
b98531b1-b2b5-4b05-8ecf-7967dcbdd24d,CUST-3905,2024-02-05 20:02:00,6790.56,withdrawal,US,False
b288d6ef-330f-48cc-a780-54cd531cafa3,CUST-3579,2024-02-05 21:58:00,2978.5,transfer,US,False
73cd751d-0665-4ca3-9e37-a0643775717c,CUST-1211,2024-02-06 01:10:00,7135.73,transfer,UK,False
0b1598d1-cb01-49d5-81a2-a8a5d0e338af,CUST-7525,2024-02-07 00:29:00,5594.22,deposit,US,False
d4f34c80-a17b-4277-8222-f25f3462173f,CUST-3985,2024-02-07 02:17:00,1396.45,withdrawal,UK,False
78356a57-9e85-41bc-9aae-b86d6cfac8d4,CUST-5636,2024-02-07 14:38:00,4318.32,wire_transfer,CA,False
2d9b3f9f-d967-44dc-b19d-057a4760cbbc,CUST-8953,2024-02-07 18:40:00,6181.19,withdrawal,US,False
52d79376-948b-4411-bc76-5c8889d584ec,CUST-3766,2024-02-07 22:03:00,1431.14,wire_transfer,UK,False
a85e26e9-3e20-434e-9d31-10ed653334f9,CUST-8132,2024-02-08 21:59:00,2530.55,deposit,US,False
b99f8a9b-6cd3-4c78-9bf7-5b2a8132021c,CUST-6230,2024-02-09 18:08:00,4769.84,wire_transfer,US,False
40f1a925-5991-4fc6-8d7e-d060b40f343d,CUST-4435,2024-02-10 08:12:00,5719.16,transfer,US,False
ee128364-835a-4746-8fd7-451a44343001,CUST-4827,2024-02-11 05:04:00,5359.37,withdrawal,UK,False
7f976336-2106-4a91-86c2-bba207ce9c07,CUST-6253,2024-02-13 01:09:00,1425.11,deposit,US,False
717fa80a-1cee-4976-ae5c-c72e360b1b78,CUST-4769,2024-02-13 02:27:00,878.11,transfer,US,False
89023d08-e551-4103-a377-39795ec49734,CUST-9549,2024-02-13 07:46:00,3663.79,withdrawal,UK,False
63d26b62-4797-405f-b501-9e89412b05d9,CUST-8953,2024-02-16 01:55:00,995.75,withdrawal,UK,False
1d394a55-a6ef-4467-919c-f6e220f4c4b5,CUST-0598,2024-02-16 12:00:00,2387.48,deposit,UK,False
85995b79-df32-4bee-87cc-a78d9a0073e0,CUST-4550,2024-02-16 13:06:00,6845.72,deposit,UK,False
84c5764e-115d-492f-93d9-9e8c85329cb5,CUST-3905,2024-02-16 22:06:00,19.77,wire_transfer,US,False
7d537b1d-9ab9-4c84-80cb-b1e261374013,CUST-0705,2024-02-17 19:38:00,7062.1,wire_transfer,US,False
0a60c4fc-a482-4fda-9049-6ef971ee99f8,CUST-9811,2024-02-19 16:09:00,2176.31,transfer,US,False
3732c9d2-dc0f-4ef4-bcc2-bc2758f1fc0d,CUST-0705,2024-02-20 01:41:00,8993.55,deposit,US,False
ff4f1130-975c-4abb-b5e8-054ed6d898ce,CUST-4550,2024-02-20 06:40:00,1907.12,deposit,US,False
b9a17585-31ff-41fd-bde3-c31ac9587608,CUST-8132,2024-02-20 20:50:00,7531.95,deposit,US,False
95fbcf52-d1b6-46df-a013-0fa003a5ab17,CUST-1540,2024-02-21 12:17:00,4086.16,transfer,US,False
f147de50-3fbe-4cd5-912b-de4962266e8e,CUST-4435,2024-02-21 16:49:00,4862.54,deposit,US,False
be3dd209-acf6-4008-8235-d181c2622fb0,CUST-6230,2024-02-22 10:45:00,768.12,withdrawal,US,False
b88bd3f3-1287-4caf-b715-5df82564a2de,CUST-4550,2024-02-22 21:47:00,8030.69,deposit,CA,False
96cc79eb-78ad-4672-b37c-6020648759bd,CUST-3579,2024-02-24 00:06:00,2336.06,withdrawal,UK,False
91d6c139-e39e-43cd-89a6-ecb8573bfd75,CUST-3579,2024-02-24 07:27:00,5303.95,deposit,UK,False
ab816d13-336e-4f77-b2d9-bdf152b416c6,CUST-3905,2024-02-25 21:51:00,1487.54,withdrawal,CA,False
a07aae43-1345-43bc-9a4a-190b811bbf04,CUST-3884,2024-02-27 00:47:00,2482.51,withdrawal,US,False
bf0854af-943e-431d-9e73-b8a7fbcd9694,CUST-5726,2024-02-27 01:51:00,5945.18,deposit,US,False
a605b40b-e36e-42df-92a4-d47ebf831dbd,CUST-5636,2024-02-27 07:31:00,5746.36,deposit,CA,False
4b0da109-398b-430e-8f4c-21e6fefda36a,CUST-6253,2024-02-28 05:19:00,981.81,deposit,US,False
2bfab276-b5f0-4175-b355-d9aff1b6c8d6,CUST-3884,2024-02-28 16:32:00,1753.19,transfer,US,False
0bd7f506-c4cf-4048-951f-5703fe27cbbe,CUST-3579,2024-02-29 14:39:00,5483.4,transfer,US,False
272bfc84-94cc-4ad9-abe0-65499e19338e,CUST-7525,2024-03-01 07:19:00,1061.37,transfer,US,False
c8998e17-38e9-408b-97e9-ec53bd0e1f23,CUST-7525,2024-03-02 23:34:00,8558.39,withdrawal,US,False
0a6cfb02-7a83-4d82-a1b4-20611e348516,CUST-3766,2024-03-03 08:28:00,2238.79,deposit,US,False
cb1a956d-8900-48f8-8892-16e667d5a094,CUST-5269,2024-03-04 11:27:00,8006.48,wire_transfer,UK,False
f170b590-cc11-4ade-8773-4bd5d1c1c2e1,CUST-3766,2024-03-06 19:34:00,252.43,wire_transfer,CA,False
145d0bd8-997d-48e3-b6b7-7a3ce44b71fd,CUST-6374,2024-03-07 11:32:00,5059.24,transfer,US,False
91ee1666-0e59-4390-b159-77d0c5149642,CUST-0598,2024-03-08 02:58:00,2663.04,wire_transfer,US,False
761a92a6-ecea-44ee-a716-41f035bde5a6,CUST-9549,2024-03-08 17:56:00,8743.69,transfer,US,False
102b2871-deba-48b2-9084-4b7abb510bc9,CUST-6045,2024-03-08 20:19:00,1439.21,transfer,US,False
d46ece5d-723b-4c73-93aa-30fb20b73dc6,CUST-4822,2024-03-08 23:59:00,7942.62,wire_transfer,US,False
c83f68c7-c401-4a7c-8989-5429513026f4,CUST-3766,2024-03-09 14:42:00,4784.88,transfer,UK,False
4ee239c0-c7f9-4064-8bf1-9eb17cb0c61f,CUST-8851,2024-03-10 02:28:00,1562.18,wire_transfer,US,False
ffc295ed-4839-423b-af15-989f86912bd4,CUST-1211,2024-03-11 01:18:00,8257.39,wire_transfer,US,False
474082ef-2ea4-4354-814d-68741a3f080a,CUST-8723,2024-03-11 08:18:00,2959.82,deposit,UK,False
9852f388-8ea3-43ae-ae37-999998ab70c6,CUST-8851,2024-03-12 01:02:00,2746.24,wire_transfer,US,False
bd6fa0d6-8e6c-49e4-914a-51e50c11f3e3,CUST-8594,2024-03-12 07:47:00,5056.7,transfer,CA,False
8c9508db-453a-4090-8fae-7b53f0808837,CUST-2980,2024-03-13 07:55:00,6090.15,wire_transfer,CA,False
4942ef2c-0977-479f-8f94-31d6026b98ec,CUST-5726,2024-03-13 11:19:00,3094.17,withdrawal,CA,False
3e25b00c-2113-43f0-8b80-999807f4d841,CUST-0860,2024-03-13 11:19:00,8709.59,wire_transfer,US,False
0e78607f-8c91-46ef-b011-e59d448074dc,CUST-1540,2024-03-15 00:16:00,4984.27,wire_transfer,US,False
aed17d79-5550-44e6-ad9f-d7aeb3f3ca33,CUST-8723,2024-03-15 09:02:00,2595.8,deposit,US,False
ab2a767e-2f64-4871-b99e-8593f9dd1c96,CUST-5203,2024-03-15 22:20:00,7458.05,wire_transfer,UK,False
818c1c9c-6084-4111-91e0-ddfff7108ec9,CUST-5203,2024-03-16 20:44:00,59.85,deposit,UK,False
3e5308ce-2a1c-4c48-a7d2-bdf7bfb033da,CUST-3985,2024-03-18 00:13:00,4556.54,transfer,US,False
d4084992-814e-40be-89c6-d02f88919839,CUST-3680,2024-03-19 05:42:00,5624.07,transfer,CA,False
f4154956-ac1a-4469-8c49-ec3c50ea2217,CUST-4550,2024-03-20 07:55:00,1470.89,withdrawal,UK,False
bbd168a2-688a-49c8-ab8c-baf0de152332,CUST-0705,2024-03-21 13:41:00,8415.94,wire_transfer,UK,False
a44a57ff-d0f2-4edf-98da-c6ff8a5ff622,CUST-9519,2024-03-22 12:43:00,4527.66,transfer,US,False
1117c726-b66c-457d-9a6e-e2fcf1a889f2,CUST-5269,2024-03-22 22:06:00,3449.05,deposit,UK,False
cfb098b9-4dbb-4787-b93c-dce44c4dc06c,CUST-5301,2024-03-23 10:59:00,6386.9,transfer,CA,False
34c7a283-4bf4-4086-a782-04781dd63f2c,CUST-9519,2024-03-24 18:15:00,5104.6,wire_transfer,CA,False
498adf9f-8ed0-4870-b679-bdb62122dbfc,CUST-9987,2024-03-25 12:00:00,8867.93,transfer,UK,False
21421229-af42-47fc-8423-338dc0c8fb3f,CUST-8953,2024-03-26 02:36:00,287.44,withdrawal,US,False
dd47ee87-92a0-47da-9db6-d59d846dee6b,CUST-5293,2024-03-26 11:10:00,20205.39,deposit,US,True
a94c6dbc-3c44-4280-a03c-7a6a2f6fbd69,CUST-8636,2024-03-27 21:24:00,1533.82,transfer,US,False
6f24e4b9-5d8c-4eed-8b2b-d6eb1abc73e0,CUST-3766,2024-03-27 23:50:00,3176.06,withdrawal,CA,False
031e2132-07df-4f16-b96b-312e5d59083a,CUST-6045,2024-03-28 02:31:00,7609.51,transfer,CA,False
7e8927d2-ce7a-4486-b747-c7e422cd7063,CUST-3884,2024-03-28 17:46:00,2210.85,wire_transfer,UK,False
f0d50c2a-0df8-4f80-977e-9e84f2162e60,CUST-7525,2024-03-28 19:29:00,7489.91,transfer,US,False
3259471f-503b-432f-948e-6ddff469991a,CUST-5203,2024-03-29 17:04:00,1417.23,wire_transfer,UK,False
080ee5ff-0e1b-4584-b606-c04a17b3bab6,CUST-9340,2024-03-29 21:45:00,7207.51,deposit,US,False
7b5a569b-dca4-4372-bd6b-fbbc500ccc07,CUST-8594,2024-03-30 03:42:00,7799.37,withdrawal,US,False
6739956b-1a4f-4410-8978-f5c2448e271e,CUST-3213,2024-03-31 01:53:00,3578.98,wire_transfer,US,False
5a9d4c9a-03ba-4758-bb08-971b44f0c0c2,CUST-1540,2024-03-31 22:33:00,4186.3,withdrawal,US,False
c0394f42-dd11-4b40-806c-e4c53d160efb,CUST-9920,2024-04-01 16:58:00,966.63,transfer,CA,False
cb045428-613d-4c5f-a553-c77b294cf2c9,CUST-3465,2024-04-01 23:59:00,2996.35,wire_transfer,US,False
483a1fd7-5915-4d0a-a074-7c2db1fb13a7,CUST-7951,2024-04-02 05:11:00,719.93,wire_transfer,CA,False
b8c43243-fcbb-452a-bc13-efa1bbcba08f,CUST-4822,2024-04-02 21:49:00,4955.39,wire_transfer,US,False
17111620-2da2-498d-b463-94102933f782,CUST-3579,2024-04-03 08:29:00,2255.76,deposit,UK,False
ab8a325e-e61c-436f-a0a3-cec02ac0bb8f,CUST-8953,2024-04-04 17:41:00,8615.56,deposit,US,False
642eb1ca-f605-47fa-870b-0d8d9f81a3f4,CUST-0563,2024-04-05 15:44:00,4482.74,transfer,US,False
96f6a3e3-5d0b-4d94-bb2a-cd1fd6369da8,CUST-7525,2024-04-06 22:15:00,5150.46,withdrawal,UK,False
648aa672-3994-4bd8-b115-8cba63c5a609,CUST-3884,2024-04-07 19:16:00,6103.1,withdrawal,US,False
512b3adc-1dbe-4e24-9c9c-572e21e68d90,CUST-9848,2024-04-08 07:17:00,5027.2,withdrawal,US,False
e51ceee7-f7ef-4ac1-8c4e-086603dffbb2,CUST-1211,2024-04-10 10:14:00,3424.76,withdrawal,UK,False
d68205c8-40d8-43ac-9512-47dabaff1b17,CUST-8723,2024-04-10 23:57:00,18663.98,wire_transfer,IR,True
daa43867-741c-4597-9174-3541ab216e6d,CUST-6253,2024-04-11 04:23:00,6864.97,deposit,CA,False
dc1e0546-0b90-413f-968b-41d10e4d6023,CUST-0860,2024-04-11 13:07:00,4905.62,withdrawal,US,False
7d76cf75-2643-45f7-84d8-5f1785f33c7e,CUST-3905,2024-04-12 09:20:00,2575.88,deposit,US,False
a3f59378-a231-467e-a9bd-ae6e1363ed35,CUST-0598,2024-04-12 09:36:00,24612.68,wire_transfer,SY,True
245b5c97-537e-49c3-8b1e-59cb0dc1f30b,CUST-1540,2024-04-12 14:22:00,2753.67,withdrawal,US,False
be4dd435-b172-4744-b5b0-f266df07fcc3,CUST-6045,2024-04-12 15:20:00,1606.96,wire_transfer,US,False
66bbfb61-d773-4e22-84ac-09f8e9b39cb0,CUST-3766,2024-04-14 10:38:00,1301.58,transfer,US,False
4072b299-1e95-43c5-b431-ea6e61e5b139,CUST-8636,2024-04-16 17:20:00,8983.12,wire_transfer,CA,False
c5852c92-7bcb-45f7-a3e9-6c00d3da0e05,CUST-4435,2024-04-17 13:50:00,5224.06,transfer,UK,False
2332d936-34e7-4932-9e1e-cfb51b0891a9,CUST-1355,2024-04-18 06:47:00,1064.67,wire_transfer,US,False
2094539e-0c72-4cca-81fc-28f58bf78117,CUST-3579,2024-04-18 15:17:00,2912.56,transfer,US,False
d27c7b4e-d3da-40ef-9a91-0d8053940742,CUST-3985,2024-04-19 06:17:00,6773.41,deposit,CA,False
a10ff467-8f97-4475-bb44-a75d0a97c6b5,CUST-4822,2024-04-19 16:16:00,1200.78,transfer,US,False
c1cd4390-9bf5-4573-9e69-8e612a377093,CUST-1665,2024-04-19 20:47:00,1370.85,wire_transfer,CA,False
e398ce06-dbfc-4774-a48b-247c406c9ac7,CUST-8594,2024-04-20 04:35:00,8462.63,wire_transfer,US,False
f77cc25f-3e49-4e4e-986d-41b648e47cea,CUST-5726,2024-04-20 13:28:00,7993.94,wire_transfer,US,False
6f77c339-57c1-4a56-a8f0-eb27d114c068,CUST-5269,2024-04-20 16:07:00,3113.1,deposit,US,False
452c8076-f73e-4b3f-a0de-1943d7e94585,CUST-0860,2024-04-21 07:43:00,6795.11,deposit,CA,False
936122e0-7d22-48d5-8fe1-bc09ce7abd29,CUST-4822,2024-04-21 13:06:00,6626.54,withdrawal,US,False
244c5615-32cc-4b70-bf28-fde86755757e,CUST-4827,2024-04-24 03:12:00,7130.67,withdrawal,UK,False
c7c9f058-a50e-4bdb-a1ac-7df7b14fc3d9,CUST-5203,2024-04-25 02:21:00,199.1,withdrawal,CA,False
db8ab847-3707-482a-8c19-f472a99bddb8,CUST-5636,2024-04-27 07:29:00,3121.98,transfer,US,False
3fa17b83-553b-44ca-b4a7-b61a862e2638,CUST-2980,2024-04-27 12:05:00,6579.56,deposit,US,False
76a2f4a4-e77e-4bde-9ff6-8db10c5b26f3,CUST-9811,2024-04-30 17:08:00,3503.93,transfer,CA,False
b211bcda-2a31-404c-9d9d-ba027511a85f,CUST-9920,2024-05-01 05:26:00,4375.91,withdrawal,UK,False
d5aa0854-a913-401d-871e-f21685dec15e,CUST-8851,2024-05-01 06:51:00,6641.14,transfer,CA,False
f5b3f3da-e228-4df6-8b12-3d92d5a3fbd0,CUST-7951,2024-05-01 14:39:00,2571.5,wire_transfer,US,False
00b7e40c-fe48-45ba-8c7b-ee3bab2a7e19,CUST-1665,2024-05-01 18:20:00,151.87,transfer,US,False
d182c4a4-06d6-4952-813c-9e7ef1fd4fe2,CUST-4822,2024-05-02 09:51:00,7061.49,withdrawal,US,False
5d77e5ff-2cda-4403-a214-9f47bfd06beb,CUST-7951,2024-05-03 15:58:00,5252.58,withdrawal,UK,False
dddd56bd-53cb-4bc3-8a83-15f6c66fb25e,CUST-9987,2024-05-03 18:05:00,780.02,wire_transfer,US,False
2eae858e-5d65-4593-af3a-8b73f7026757,CUST-1665,2024-05-03 23:42:00,5658.03,transfer,US,False
18fa6533-ec47-411e-b5f9-893d37393ea1,CUST-7951,2024-05-04 01:36:00,8534.36,deposit,US,False
67a363ad-3d09-4a8f-a8d5-aa314de94792,CUST-0563,2024-05-04 04:50:00,5085.56,deposit,CA,False
1be0c759-bbc9-4187-9e4b-7348de05e0cf,CUST-9340,2024-05-04 14:23:00,19792.27,wire_transfer,KP,True
2f19611f-09f7-4940-939b-4a0dac13d16e,CUST-6230,2024-05-04 14:36:00,5496.88,wire_transfer,US,False
a8948709-6321-414e-8a9f-808517a764f2,CUST-1355,2024-05-05 01:30:00,9045.6,deposit,US,True
677c9974-81a5-4d33-8901-d1a5c13e4a41,CUST-1355,2024-05-05 03:30:00,9879.42,deposit,US,True
6f544950-509d-4382-b7ec-8dba8af42e23,CUST-1355,2024-05-05 05:30:00,8768.26,deposit,US,True
13f13c69-d95b-45bd-b39e-4a953301d14c,CUST-1355,2024-05-05 07:30:00,9939.55,deposit,US,True
0cf8dc83-998b-4923-be62-582999fb7c28,CUST-1355,2024-05-05 09:30:00,8553.01,deposit,US,True
92e5f8b3-956d-4204-a3d7-b646bbb15f61,CUST-6253,2024-05-08 00:05:00,2068.03,deposit,US,False
c13a94c1-cdf9-4e0b-ae81-1a25cb3cea82,CUST-8953,2024-05-08 01:05:00,5712.22,transfer,US,False
ac3b0c34-34be-47e1-b55a-d2f314a3c0d8,CUST-6374,2024-05-10 00:47:00,1968.93,deposit,US,False
c9b41efb-c129-4a36-8f9c-5cf7e805be2d,CUST-5203,2024-05-10 06:21:00,5823.89,wire_transfer,US,False
5874674a-e31d-4b23-9985-fe6e0e9345c9,CUST-0860,2024-05-10 11:09:00,6184.52,wire_transfer,US,False
9a5e4790-fd5f-422e-8238-ab7b2babb617,CUST-3884,2024-05-10 14:16:00,6004.9,wire_transfer,US,False
b8347c0f-751a-4d44-a895-cde8ddbfc82f,CUST-3905,2024-05-11 22:11:00,136.62,transfer,US,False
9e275838-244d-4542-a152-672b054f2903,CUST-5726,2024-05-12 05:23:00,15078.1,deposit,US,True
9cf4fbf6-56bb-4a79-b81d-a879b0d487a2,CUST-8851,2024-05-13 05:37:00,8663.18,transfer,US,False
dab71082-ffb3-4f9f-990e-4d29c644bf63,CUST-6253,2024-05-15 01:46:00,4140.23,deposit,UK,False
48283f45-6218-48dc-991b-89c3e89244ef,CUST-2010,2024-05-15 03:56:00,972.25,withdrawal,US,False
2905dcfc-49b4-42b0-8743-b8426d4ab937,CUST-9848,2024-05-15 10:39:00,6237.41,deposit,US,False
a7ae678d-05cc-4561-8acf-7a05f0cd5c64,CUST-2010,2024-05-15 23:23:00,6877.07,transfer,US,False
92e27cf2-d619-4dc1-8a10-6de0ac961340,CUST-9920,2024-05-16 10:19:00,5246.32,deposit,US,False
1a48ea4e-42d2-49b1-b9da-5be9a424a5db,CUST-2252,2024-05-16 17:08:00,8349.78,wire_transfer,UK,False
d2badfd7-bd28-4777-bc27-4e2c5e644e60,CUST-8723,2024-05-17 23:56:00,14723.15,deposit,US,True
b71869b7-428d-4c58-8478-9e4c9002df84,CUST-0598,2024-05-18 03:08:00,794.8,wire_transfer,UK,False
8f490551-9425-41b0-895c-2efd2eedb8c2,CUST-3766,2024-05-19 06:51:00,1022.69,withdrawal,UK,False
e3dccbf9-3adb-4ac5-9cce-b1a6b3e2de24,CUST-3985,2024-05-19 13:53:00,4347.67,wire_transfer,US,False
dd7aab85-8cc9-4f19-9cc2-777a36ceecd2,CUST-3884,2024-05-19 14:31:00,2060.96,wire_transfer,UK,False
69dbc87f-a7ef-418c-86d8-394220757041,CUST-2010,2024-05-20 01:03:00,4984.7,withdrawal,UK,False
564d3bc0-4fc4-46d9-8d6a-0c660318a501,CUST-8132,2024-05-20 07:34:00,2605.15,wire_transfer,CA,False
4d99e0ce-ef75-4ea4-812c-0201a0076813,CUST-5726,2024-05-20 17:18:00,164.11,wire_transfer,US,False
0fda95db-92d2-45be-a50e-77e2b9808130,CUST-3905,2024-05-22 07:07:00,242.96,withdrawal,UK,False
22ef0b79-3fc9-4118-bc8d-a1b051d31691,CUST-9920,2024-05-22 18:14:00,7266.92,deposit,CA,False
a48ec659-ba33-4fe6-9fdc-e69231df11ae,CUST-5636,2024-05-23 12:23:00,1033.85,withdrawal,CA,False
ec1ae0b5-9692-4512-a8a0-121c46d6d361,CUST-0563,2024-05-23 19:44:00,7922.17,deposit,CA,False
ae4c15f9-1dbe-45eb-8720-57860146ecc5,CUST-0598,2024-05-24 12:26:00,6972.44,deposit,US,False
d8d00ac1-b32b-4de7-8f16-5e0c3de572fd,CUST-7525,2024-05-24 12:29:00,4807.51,transfer,US,False
cda92c5c-575b-41da-a3a2-31f68e35b391,CUST-8851,2024-05-25 02:48:00,1451.21,wire_transfer,CA,False
69180997-fada-4014-8347-57dae3448682,CUST-4827,2024-05-26 20:45:00,4514.43,wire_transfer,UK,False
b84eee75-366b-43f2-8d0b-dd35506cf4d3,CUST-8723,2024-05-27 07:19:00,1105.42,withdrawal,UK,False
479c385a-d313-447a-9dfa-e5234d721f4f,CUST-8723,2024-05-27 22:13:00,6215.26,wire_transfer,US,False
c99b2ce3-d91e-4d8c-a18b-9f5002a55a36,CUST-4550,2024-05-28 01:00:00,2692.55,deposit,US,False
799baeec-2a29-4711-94ac-3ddedb7f2aff,CUST-3985,2024-05-29 09:36:00,2413.41,deposit,US,False
96362393-c30a-4e12-adf1-6b0198925bd7,CUST-6230,2024-05-29 22:04:00,7372.5,wire_transfer,UK,False
4c13e719-d485-4b5d-8a7b-855af746e546,CUST-8132,2024-05-30 06:02:00,7122.07,deposit,US,False
9daef58d-afcd-4829-8a73-a687e55c04ab,CUST-8851,2024-05-30 13:10:00,4088.98,transfer,CA,False
f62899b9-8ba6-411e-bf20-4fe23209c1fa,CUST-9549,2024-05-31 06:03:00,5216.83,deposit,US,False
979afb4e-a0f6-4b6e-8782-ba10e599e5e2,CUST-9549,2024-05-31 07:23:00,1623.18,deposit,CA,False
5f216ecf-1e8f-4215-a4dd-ea4a56a35bf0,CUST-3884,2024-05-31 11:39:00,1995.43,withdrawal,UK,False
642e8154-2ba9-4770-a7e8-11accf149b9f,CUST-6045,2024-05-31 17:08:00,1734.64,wire_transfer,US,False
78e85e88-dbb2-441c-882a-eecd66db4474,CUST-4435,2024-06-01 18:37:00,8990.13,wire_transfer,US,False
1a714716-5af7-4d1f-987a-b051a9dffece,CUST-2980,2024-06-02 01:51:00,6399.9,deposit,US,False
95cd435b-9b83-4fa0-a6e3-76b11d3ebd83,CUST-5726,2024-06-02 16:19:00,6005.37,transfer,UK,False
c6355226-0457-4090-8e1a-b193f05ccabc,CUST-0860,2024-06-03 06:33:00,5466.27,withdrawal,UK,False
7ad44822-7e3b-4d96-bff9-230f1cebddab,CUST-5293,2024-06-04 02:15:00,1074.88,wire_transfer,CA,False
0e15fffc-98ef-4aa1-9179-4bfedb485433,CUST-3884,2024-06-04 19:34:00,849.92,withdrawal,CA,False
4348721b-3f03-415e-bdab-06348b8b761d,CUST-8132,2024-06-06 11:57:00,8398.46,deposit,US,False
3046e876-1ae5-426e-baa2-97b0c58b7d34,CUST-4769,2024-06-07 02:32:00,8289.11,withdrawal,CA,False
94acd135-ed08-44c3-ae0c-829edca9ac11,CUST-7951,2024-06-07 07:51:00,1800.18,deposit,US,False
4e3792e7-7925-42f5-b171-d9a1b3fa9fb7,CUST-8723,2024-06-08 10:05:00,18827.28,wire_transfer,IR,True
4f1d21d6-24c9-4a84-984e-0cc79f76d2a8,CUST-6253,2024-06-08 11:06:00,5205.49,withdrawal,US,False
895b85ae-d69c-4a4a-b5e7-430fddc3d2c4,CUST-5636,2024-06-09 05:29:00,8210.0,transfer,CA,False
913ad666-a36a-46a7-a816-ad9d097c292f,CUST-5293,2024-06-09 06:48:00,1442.49,wire_transfer,UK,False
47397630-2c7d-454f-ae2f-e65b80435611,CUST-0860,2024-06-09 07:16:00,3568.11,transfer,UK,False
3ee371f6-5260-4c3e-8b5e-fb3f311a64f9,CUST-3985,2024-06-10 06:41:00,4498.09,wire_transfer,US,False
3764bc87-e584-4e2d-b87a-f2bc1a5a5832,CUST-8132,2024-06-11 23:30:00,6350.0,wire_transfer,UK,False
96b391ca-9c01-494d-b16f-a0be2505ab94,CUST-9920,2024-06-12 06:23:00,2823.17,deposit,CA,False
110d5ba8-7cde-401c-97c0-b71bbff5d6d4,CUST-5726,2024-06-12 08:52:00,6947.18,wire_transfer,KP,True
7a8a664f-676e-499b-93a1-486cd63fe118,CUST-7951,2024-06-12 21:22:00,6388.77,transfer,US,False
7ed00ecc-db0d-4432-bf8a-f74a57b03098,CUST-4435,2024-06-13 03:05:00,2958.0,transfer,US,False
af65f31d-2c1f-48f5-8f78-aa3ed0b97709,CUST-4769,2024-06-13 19:09:00,600.48,transfer,CA,False
d0df02ea-a8e3-452e-a15c-62c6e6ded97b,CUST-9848,2024-06-14 07:00:00,2354.46,withdrawal,UK,False
f98a915e-9944-4dfb-a654-3a7e90020139,CUST-4827,2024-06-16 02:25:00,6026.61,withdrawal,US,False
cf248781-a182-4e08-89e6-3b3d5fc1623c,CUST-2980,2024-06-17 03:35:00,6108.63,transfer,US,False
92d9d430-ab29-4497-a5ed-fa62ad245788,CUST-8132,2024-06-18 02:32:00,2149.66,wire_transfer,US,False
a073107f-9571-42e1-a85b-c44342d12430,CUST-3680,2024-06-18 03:55:00,7606.9,deposit,CA,False
03799cd7-f737-4c79-9031-b50ce92db1fc,CUST-3213,2024-06-18 17:29:00,3747.81,withdrawal,UK,False
87984407-d233-49c0-8d3b-6b07c51b27e4,CUST-0598,2024-06-18 21:07:00,8819.28,transfer,US,False
0c3e5e32-be1b-4086-af02-009292e308b9,CUST-3213,2024-06-18 22:30:00,913.9,withdrawal,US,False
309d26e2-0790-4115-a9c3-55fa12b63b28,CUST-1355,2024-06-19 04:40:00,8818.38,withdrawal,UK,False
ddad2751-08b8-458f-98e4-5d6eda2f9b6e,CUST-6374,2024-06-19 19:24:00,7238.65,transfer,UK,False
6174ba6b-fa69-4db3-9fba-7b192a9ad0c4,CUST-5269,2024-06-20 10:57:00,4865.97,withdrawal,US,False
f655c3a9-6fc7-4065-83d8-f17f60e31337,CUST-3465,2024-06-20 13:17:00,30954.64,deposit,US,True
5a3a838f-84e0-49b7-9b60-d56015bb701c,CUST-2252,2024-06-21 03:05:00,3425.55,transfer,US,False
e3f53a4c-ded1-4947-a5f7-a4006325cb81,CUST-6374,2024-06-22 03:15:00,1732.39,wire_transfer,US,False
aff2fa70-dbba-4e38-be06-1b36089c2763,CUST-9519,2024-06-22 07:21:00,7014.27,deposit,CA,False
e19e37f4-7021-4024-94d6-7f1996036989,CUST-6045,2024-06-24 03:55:00,3806.6,withdrawal,UK,False
82e3ef58-c8df-4250-9359-201373b6efce,CUST-3579,2024-06-25 22:04:00,4875.06,deposit,US,False
8d603ae3-e2c2-4192-b270-2a0cf7fdd727,CUST-4550,2024-06-26 01:06:00,3939.42,deposit,US,False
5e9eadc4-e10f-4e68-9c67-829f957fb115,CUST-9848,2024-06-27 15:06:00,3949.11,wire_transfer,US,False
3dfcd7e9-bf45-48b4-ac7f-a3571e71e5e1,CUST-9848,2024-06-27 17:59:00,8411.02,transfer,US,False
e20e55ee-975e-4776-b551-f21a011d66d7,CUST-1355,2024-06-29 09:48:00,3515.98,wire_transfer,CA,False
0b3c1b6a-193e-4481-a80f-173a63e1f3f2,CUST-9987,2024-06-29 16:04:00,2800.57,wire_transfer,US,False
785844b3-5168-463e-8572-946afaa2475a,CUST-8132,2024-06-29 17:21:00,7323.44,withdrawal,UK,False
877f9580-4702-4d52-8146-d90d188cb9a4,CUST-0598,2024-06-30 06:42:00,2410.13,deposit,CA,False
a70c95a8-a1ba-4b8d-b3ed-dd3757f67a92,CUST-9987,2024-07-02 00:31:00,1237.45,wire_transfer,CA,False
207a90c7-0ff5-4d50-8fc0-09b71973e3bf,CUST-3905,2024-07-02 01:25:00,2490.17,deposit,UK,False
f6a64a9d-5555-4efc-90b4-a36701cb1963,CUST-4435,2024-07-02 11:27:00,1318.67,wire_transfer,CA,False
c28d5475-7d07-49fe-bbdd-34accaea6020,CUST-7525,2024-07-03 03:05:00,56.71,transfer,UK,False
8a4bb788-412a-4837-b3a0-ce214d25cc46,CUST-3905,2024-07-03 08:05:00,3352.88,withdrawal,US,False
5001ac36-3e99-4d94-9689-48da800d802b,CUST-1355,2024-07-03 10:08:00,3487.68,wire_transfer,US,False
fc640ff5-7be6-473f-9aad-7394c608ebeb,CUST-8594,2024-07-03 16:56:00,4480.52,deposit,UK,False
3991d579-a070-46ae-b3b6-f9b2524c3155,CUST-3465,2024-07-03 17:36:00,3326.51,withdrawal,CA,False
8c34da0a-cdb7-4952-9d4f-7088eceb8b80,CUST-3905,2024-07-03 22:15:00,568.5,deposit,UK,False
3adc185e-39b5-4127-9018-e2cae99660c4,CUST-4827,2024-07-04 00:23:00,2786.71,withdrawal,US,False
93003f11-4ad0-4c91-910b-34b56dd9c70b,CUST-8723,2024-07-04 16:37:00,990.4,withdrawal,CA,False
2e27cf4f-f277-4d2a-ad47-29548cafb226,CUST-3579,2024-07-04 20:57:00,7460.08,withdrawal,UK,False
bc2c85e7-3930-4c90-92c6-49e048639373,CUST-9987,2024-07-07 09:04:00,5805.55,deposit,CA,False
350f943a-4f76-4b3d-b62e-c41e62912b00,CUST-7525,2024-07-07 09:08:00,3450.66,withdrawal,US,False
b75b5913-8b7d-4378-9be6-5f77b5ecf80d,CUST-5203,2024-07-08 09:10:00,3949.28,transfer,CA,False
531851fd-8dcf-48bc-a0da-9d90261e1677,CUST-4769,2024-07-10 07:01:00,2874.98,deposit,US,False
e1d198ec-a0bb-48f2-9cdb-81cfddb9340f,CUST-0563,2024-07-13 08:48:00,8561.33,wire_transfer,US,False
0b917abe-4148-4958-8892-27b0abb50fa0,CUST-0598,2024-07-14 14:55:00,8254.86,wire_transfer,UK,False
e30a1ca8-e299-41e2-bad2-14f498f86f8d,CUST-3680,2024-07-15 11:27:00,2837.39,withdrawal,US,False
d6c99b4c-099e-42df-aa0f-e7b80cefeea1,CUST-4435,2024-07-15 19:26:00,2241.95,withdrawal,US,False
5fdc22bf-5630-41d2-81a3-edbf9b99f2c3,CUST-1540,2024-07-15 22:09:00,6360.71,deposit,UK,False
f90472ce-3101-4b82-a97f-fcfaff88f54c,CUST-0563,2024-07-15 23:08:00,7116.58,deposit,CA,False
87a11c54-8a6b-4407-ae29-083e726cb2da,CUST-3884,2024-07-17 11:16:00,6728.38,transfer,US,False
2ed19585-eaa2-4087-8ea9-f6bec296d237,CUST-4827,2024-07-17 13:38:00,1249.43,wire_transfer,UK,False
a1a8b5ea-c027-42d4-a316-bb6295066c55,CUST-8636,2024-07-17 17:07:00,2363.37,transfer,UK,False
5dea56bc-0b08-4753-ad49-49265b45b931,CUST-0598,2024-07-19 14:49:00,6119.2,withdrawal,US,False
0789c143-7ed3-4082-866f-a03e21e0def8,CUST-7525,2024-07-19 18:40:00,6871.38,deposit,US,False
4980a53d-7737-44ae-aea1-f94a54171cf4,CUST-9811,2024-07-20 11:50:00,8881.22,transfer,US,False
4047cdfd-f525-44e2-9b82-9e79cf86e60e,CUST-1540,2024-07-21 19:03:00,79.11,transfer,US,False
40787d50-cae0-4860-9748-3d3ddeea5f09,CUST-5269,2024-07-22 02:23:00,8634.09,wire_transfer,CA,False
31de0946-1569-42fd-a4c8-a686121a7247,CUST-3766,2024-07-23 13:46:00,864.82,wire_transfer,US,False
9cec3d83-73bc-456e-980d-5414bc4a2314,CUST-6045,2024-07-24 02:40:00,4833.72,withdrawal,US,False
e7e850cd-af81-47e9-b334-008405067f73,CUST-9848,2024-07-24 13:43:00,980.58,wire_transfer,US,False
14b60ff3-e1c7-4ea9-bb01-09f2ae741d83,CUST-4769,2024-07-26 12:24:00,4978.79,deposit,US,False
0b89d40c-c32d-43c0-8961-759e569ff99d,CUST-1540,2024-07-26 22:15:00,2762.79,transfer,UK,False
55e9359f-8776-4c9f-ba9e-b1b66df01b28,CUST-9848,2024-07-27 06:06:00,881.41,wire_transfer,US,False
1eb58427-d301-4957-a324-7b4694c47f48,CUST-1665,2024-07-28 10:20:00,6034.5,withdrawal,US,False
6b8be64e-7f41-4ce3-9f45-2290d20ada04,CUST-3213,2024-07-28 18:04:00,1136.69,transfer,US,False
5cd66257-de21-47d0-8fa2-be331ad318a0,CUST-9920,2024-07-29 01:17:00,7804.76,withdrawal,US,False
96608b91-ab81-432f-b289-f6a54a21fe1c,CUST-3579,2024-07-29 14:55:00,6564.39,deposit,US,False
fededdc4-e705-40b0-8646-b9ba1505550a,CUST-1540,2024-07-30 09:17:00,558.01,withdrawal,UK,False
904e54e3-8fbd-4c75-baba-d2836dca9139,CUST-4435,2024-07-30 12:49:00,771.45,withdrawal,CA,False
830b1bd6-3613-4ba9-b222-dedbb97064cb,CUST-3465,2024-07-31 01:25:00,4523.04,withdrawal,UK,False
107d1361-8718-457d-a911-cbd81b322c7c,CUST-5269,2024-07-31 10:59:00,7091.58,transfer,US,False
9a28f289-9dba-48aa-9a4b-a7878a355ea2,CUST-8636,2024-08-02 05:52:00,1805.28,withdrawal,US,False
fdaf0e16-64c1-4a82-aacc-bb6cbd3a53f8,CUST-2010,2024-08-03 16:07:00,6713.53,wire_transfer,UK,False
0f53f0b5-794f-4f8d-80b4-05987594a9bb,CUST-4435,2024-08-04 22:46:00,8958.85,wire_transfer,US,False
419f154f-ac20-45e7-9bae-bc943873b4ac,CUST-5726,2024-08-05 02:27:00,5426.06,withdrawal,CA,False
9cf85863-1925-4e81-a8c4-d83779a2703e,CUST-3884,2024-08-07 05:39:00,1261.72,withdrawal,US,False
dc70f440-ea86-4e63-8ee9-d42138591833,CUST-4550,2024-08-08 05:08:00,3428.06,withdrawal,CA,False
17d5691f-9da1-4cca-9a8f-b84b52c6f1db,CUST-0563,2024-08-08 20:38:00,1233.76,transfer,CA,False
a72ee880-6be3-4981-b56a-31e306c72ddf,CUST-1211,2024-08-11 02:58:00,2006.12,wire_transfer,US,False
cea46485-24b5-45da-a87b-ec6a8f65c9c6,CUST-6045,2024-08-11 23:54:00,2155.35,withdrawal,US,False
4d9f45a2-ff64-448f-bf76-94bc5e40eca1,CUST-3465,2024-08-13 10:26:00,1371.37,withdrawal,UK,False
6f4cf24f-d218-478d-9e1b-df41dd7f4c3b,CUST-5301,2024-08-13 14:00:00,8926.63,wire_transfer,US,False
7eed8c3f-397e-4e15-a616-0eece0aed97d,CUST-8636,2024-08-14 03:43:00,1856.56,wire_transfer,US,False
9082e44a-738b-42ec-9b98-a045aba8d569,CUST-7951,2024-08-14 06:05:00,8070.37,withdrawal,US,False
ee04e5bb-2e1e-4152-bca0-bd0496c425d6,CUST-6230,2024-08-14 21:13:00,4605.45,withdrawal,US,False
416170b0-f4c2-4262-ba72-adac94a90a4f,CUST-5269,2024-08-14 21:27:00,4376.1,wire_transfer,UK,False
2e56e1a3-0f2d-4b02-985f-d52f5f57be4b,CUST-6230,2024-08-15 07:54:00,3270.55,transfer,CA,False
35f8fbae-9344-4a35-b25d-b6322871fd6f,CUST-4827,2024-08-16 01:29:00,1196.18,wire_transfer,UK,False
0be592fb-f0f2-4f7e-8d85-9606894f3609,CUST-8132,2024-08-18 08:22:00,7761.17,deposit,UK,False
cc803ed9-3576-4c7b-b871-2fb4c2614b7a,CUST-8132,2024-08-20 02:20:00,2279.07,deposit,UK,False
7db91f05-21c1-4508-b3df-d4cedca5bdd7,CUST-6045,2024-08-20 02:43:00,2108.48,transfer,CA,False
59edfbd2-21a6-48d7-930d-d39ea6db7755,CUST-6045,2024-08-20 08:19:00,2270.12,deposit,US,False
657a0c84-223b-41b4-ae7b-900f6080b9d1,CUST-3213,2024-08-20 10:10:00,3336.78,transfer,CA,False
50ccd3ab-4812-402b-9d0b-e49d33cf4eb4,CUST-4435,2024-08-20 20:34:00,4723.62,withdrawal,CA,False
2d444a19-714d-4d43-bbf0-2f4116bdb9ff,CUST-1211,2024-08-20 23:38:00,3368.89,wire_transfer,CA,False
63e24682-0b7e-4d7d-8342-f2cb545b705c,CUST-3465,2024-08-23 02:55:00,2824.42,wire_transfer,CA,False
6f9bddcb-8abd-4330-9e63-a9467420a392,CUST-6230,2024-08-26 21:33:00,3107.19,withdrawal,US,False
ebb72ca4-0f23-4678-891f-0160d56bded9,CUST-2252,2024-08-26 22:16:00,6904.41,withdrawal,CA,False
8d1e7a37-805e-4022-b1a0-3acc35c9b754,CUST-8851,2024-08-27 22:19:00,6300.61,transfer,CA,False
6a74040f-0fca-4bb3-a4a3-20d18120b8af,CUST-4769,2024-08-28 00:47:00,4859.38,transfer,US,False
97ec4968-3b36-4181-90df-267af4a54ad4,CUST-6253,2024-08-30 08:41:00,7048.31,withdrawal,US,False
08343cc5-a966-4e41-81ec-0c68d6576a19,CUST-4550,2024-08-31 14:16:00,6768.47,transfer,CA,False
79aeed3c-1c02-451e-bf79-aff99e4fce76,CUST-5203,2024-08-31 19:54:00,6918.72,wire_transfer,UK,False
1430aca7-b7cb-4e16-9595-1fedeafb558a,CUST-3680,2024-09-02 05:33:00,5664.94,wire_transfer,US,False
58368ed9-28c5-4aa6-9a7a-547585f4418d,CUST-6045,2024-09-02 20:11:00,7305.36,deposit,UK,False
6dab6d29-d602-4be0-98d2-8e431e0489aa,CUST-0860,2024-09-03 07:54:00,982.88,transfer,US,False
4d1dee06-810e-47b3-95d0-cfb0c955b763,CUST-8594,2024-09-03 09:47:00,7834.87,deposit,UK,False
5e16551e-c0df-4a51-b21b-e65b04a9e2a8,CUST-9519,2024-09-04 02:23:00,2272.78,withdrawal,UK,False
231bd562-b950-4a08-b0fd-c64067bc2075,CUST-5636,2024-09-04 03:15:00,3438.47,transfer,CA,False
01aeeaee-5a76-44be-b477-0a0b56f427d5,CUST-3465,2024-09-04 03:18:00,3749.62,deposit,US,False
21e6cbe6-8cbe-4a0e-943d-7462839fdcf3,CUST-2252,2024-09-04 08:46:00,5310.39,transfer,US,False
d6681dcb-d7f0-42de-a766-f207e91f094e,CUST-3579,2024-09-05 00:24:00,3031.8,wire_transfer,US,False
7655549d-6727-4c7a-8bb9-f37a980e1820,CUST-8723,2024-09-05 06:14:00,8999.79,withdrawal,US,False
7ad5e979-6c19-4eda-8977-af28c5f4a3b2,CUST-3766,2024-09-06 10:37:00,32.23,deposit,UK,False
1f254958-b5bd-4351-8a53-9867736af75f,CUST-3797,2024-09-06 20:34:00,6243.96,withdrawal,CA,False
ac15d4a3-0f99-4422-854b-0204770107a6,CUST-7525,2024-09-07 00:07:00,8362.6,transfer,US,False
f3aa4c5a-1098-44ec-9a7f-999a07bddeae,CUST-5301,2024-09-07 09:08:00,1692.02,wire_transfer,CA,False
9070b12e-d821-45cc-8b51-6a20956f40ec,CUST-5269,2024-09-09 04:04:00,1513.19,transfer,UK,False
c475e356-2745-4fc4-b1e8-3635d2f2a7ca,CUST-4822,2024-09-09 14:05:00,5386.35,wire_transfer,US,False
a36e8beb-f526-4ac5-830e-74cff9acccd6,CUST-0705,2024-09-10 01:22:00,8474.86,wire_transfer,CA,False
06b8d19a-3870-4a28-93b6-b9332ffdb435,CUST-3465,2024-09-10 10:11:00,4393.07,transfer,US,False
c3e4d77a-9092-4e79-b0ff-c0d41653182a,CUST-4550,2024-09-10 17:32:00,1027.77,deposit,US,False
32611c5e-6248-4860-9c16-b60d25798ce9,CUST-9519,2024-09-11 00:05:00,8507.64,wire_transfer,US,False
b3fbfc18-063a-4116-b3c2-63fe7189310e,CUST-4550,2024-09-11 09:49:00,7191.75,transfer,US,False
75e02491-6127-4150-83cc-82f60bdafa4e,CUST-5301,2024-09-11 11:33:00,30689.4,deposit,US,True
27dcdb3f-51a6-4490-9e66-0a95eab6deb0,CUST-3579,2024-09-14 01:53:00,1126.21,withdrawal,US,False
cb9a77d6-2ab7-4f4f-9248-dcadaf715c7b,CUST-2010,2024-09-14 09:14:00,7343.92,transfer,CA,False
7b723aed-363c-4290-b576-daf8a0bb9bdb,CUST-8851,2024-09-14 21:57:00,6316.8,wire_transfer,IR,True
e6a219cb-d90d-4965-9520-73bae718f651,CUST-0705,2024-09-15 06:36:00,4834.57,withdrawal,US,False
051634e7-32c8-4bb0-8161-3e4b7c28497f,CUST-9340,2024-09-15 13:53:00,8162.62,wire_transfer,US,False
f5d8f428-6741-4b02-8ee5-0854440909ae,CUST-5636,2024-09-15 14:48:00,4953.22,deposit,US,False
eb99ce2c-4953-4a74-b77b-61d7cb5fa9ef,CUST-6253,2024-09-16 12:29:00,5227.16,deposit,UK,False
09301ad2-e3ed-40d1-bf2b-5d810b301f60,CUST-4822,2024-09-16 16:35:00,192.81,wire_transfer,US,False
a011580a-e771-442f-868d-8b7bcc3c38f4,CUST-4550,2024-09-17 00:02:00,44347.7,deposit,US,True
372cc78a-cfe9-4489-8129-4dc804671d1f,CUST-6253,2024-09-18 03:24:00,8096.55,withdrawal,US,False
3d371902-6080-41cb-b2bb-0ea7016cdc11,CUST-3766,2024-09-18 11:03:00,29984.9,deposit,US,True
2b3276bb-6553-4dfd-88e4-8639589517e8,CUST-6253,2024-09-20 04:20:00,8383.0,transfer,US,False
c0feb39c-8605-4b3d-8293-dc1ab51668ca,CUST-9519,2024-09-20 12:52:00,4891.85,transfer,US,False
10e34845-9082-4c4a-97d3-cbf9fd029795,CUST-4435,2024-09-20 21:40:00,5577.15,deposit,US,False
909b6c47-bd86-4bc0-813f-96e661f9bf12,CUST-9549,2024-09-22 11:39:00,6810.42,wire_transfer,US,False
b5c7adda-ffbe-419d-9a1a-c2e5ddd1941d,CUST-3797,2024-09-24 20:17:00,5547.05,wire_transfer,UK,False
81a465f3-0db9-4326-9faa-960fb5f710f5,CUST-3905,2024-09-27 00:42:00,7355.77,transfer,US,False
007673f8-6244-48c0-83e8-d940ceba06b1,CUST-9811,2024-09-27 01:14:00,1910.64,wire_transfer,US,False
22c60b09-fb73-4c94-9704-d276a42a1cc7,CUST-6230,2024-09-27 22:23:00,712.14,deposit,US,False
20367317-a1e1-401d-857f-461a1b1e3af7,CUST-0705,2024-09-28 11:27:00,8969.72,transfer,US,False
29a71bce-32a9-469b-a061-fb42ddbc653b,CUST-2980,2024-09-28 18:00:00,5496.77,withdrawal,UK,False
1aa780ed-e318-4210-951d-391e61da9264,CUST-9920,2024-09-29 04:08:00,5941.16,withdrawal,US,False
df7e4641-8cee-4821-8963-762fea230282,CUST-4827,2024-09-29 15:45:00,5070.69,wire_transfer,US,False
1f5e98c8-c285-4505-8218-071ce8c74388,CUST-7951,2024-09-30 12:20:00,5644.92,wire_transfer,CA,False
2b074f11-c307-473f-b514-87b3d11a7746,CUST-9811,2024-10-01 05:23:00,2940.6,wire_transfer,US,False
053644bf-b048-4c7f-8bc9-80fd997b0b4d,CUST-4769,2024-10-01 23:53:00,1722.43,transfer,UK,False
ce456661-6655-4e98-b0de-8c439d44caa9,CUST-3797,2024-10-02 12:33:00,1154.85,withdrawal,US,False
61b11efc-8bbb-4813-a253-391b773d586b,CUST-9920,2024-10-02 15:15:00,7645.57,transfer,US,False
d4459c16-34a2-41f2-bd9d-ca878331e831,CUST-6230,2024-10-02 15:22:00,2998.64,wire_transfer,UK,False
6d280663-7deb-41e6-80a1-3602baa4766d,CUST-8723,2024-10-05 11:34:00,7405.27,deposit,UK,False
1f78106b-e489-4793-a19e-d58eb9274791,CUST-7951,2024-10-06 05:04:00,3981.15,transfer,CA,False
1c238096-3120-494b-9aa1-458e449bfafd,CUST-4550,2024-10-06 19:57:00,1992.64,withdrawal,US,False
83f9d480-7bbe-44e4-bdc7-5591a7807bbd,CUST-3766,2024-10-09 04:24:00,1723.59,withdrawal,US,False
7cbdf983-9223-4e34-b0d4-c8e453cc3745,CUST-3797,2024-10-09 05:21:00,5043.04,wire_transfer,US,False
b2bab7e5-4184-4b48-ac97-600cb5ea143d,CUST-4769,2024-10-09 09:53:00,5661.47,transfer,CA,False
51c6e3cc-70ab-4526-9b90-2fb09809b538,CUST-8594,2024-10-10 00:43:00,6489.29,transfer,US,False
5647a286-b3b6-4950-9a47-bb97c003090f,CUST-0705,2024-10-11 16:26:00,938.6,deposit,US,False
71d663db-840e-493c-bbac-a2cfcb39ac71,CUST-5269,2024-10-14 22:17:00,1244.08,withdrawal,US,False
9cec4a61-cb4b-4af7-b528-8e744520dabb,CUST-8851,2024-10-16 01:22:00,4799.38,transfer,US,False
8d998132-65a1-4dfb-90d2-c202f4fe80d5,CUST-1355,2024-10-16 21:49:00,6704.57,deposit,CA,False
037b19fd-bf9d-41f6-be54-8d1890308792,CUST-8851,2024-10-18 07:37:00,5354.73,deposit,UK,False
1e288891-c3fc-470f-8e57-426d293b3aa9,CUST-9340,2024-10-18 09:25:00,4935.96,deposit,US,False
cd38b058-276b-49de-b100-5f2e016bb79f,CUST-9987,2024-10-18 11:34:00,2536.95,withdrawal,US,False
96749abd-9155-4013-a49e-a26d9ec46566,CUST-8723,2024-10-19 13:39:00,5754.53,wire_transfer,CA,False
dcd6bfeb-ecfc-44a2-b18f-4261ea7d101d,CUST-7951,2024-10-19 14:29:00,6927.25,wire_transfer,CA,False
be75df96-9169-4a5b-9603-8a9c672abec1,CUST-3905,2024-10-20 07:34:00,6650.79,deposit,US,False
878e4312-2c7a-4a14-8032-3d84956af1bc,CUST-8851,2024-10-20 21:34:00,3423.45,wire_transfer,US,False
0ce5ba1d-dfb3-4f4b-8016-3b8a853126d2,CUST-9811,2024-10-20 21:46:00,14614.23,deposit,US,True
c9b8608a-877f-40e7-b06a-e6609923e993,CUST-3884,2024-10-21 06:45:00,6270.22,wire_transfer,UK,False
44a70a64-1d48-49be-8662-9dd11ab94d2e,CUST-0705,2024-10-22 04:36:00,7673.28,transfer,US,False
dbb1221a-695a-4b48-ac97-84adcdaee083,CUST-1211,2024-10-22 20:17:00,5654.04,wire_transfer,UK,False
24db4d2a-1aa8-4aae-b5d1-b86f8e017ac8,CUST-2252,2024-10-25 11:03:00,464.36,wire_transfer,CA,False
da573d7a-78f6-4753-bd27-2b8769c670d7,CUST-3579,2024-10-25 12:23:00,1981.69,withdrawal,CA,False
2bd2b04d-35ca-4321-b1d5-11dc2592c38d,CUST-0860,2024-10-25 18:33:00,2854.16,transfer,US,False
68a5be14-18ab-4b87-bdae-67969f76cfed,CUST-3797,2024-10-26 13:40:00,7330.06,deposit,UK,False
2a3fd7db-26c8-469a-b70e-34b718ceac04,CUST-3884,2024-10-26 17:45:00,2933.42,transfer,UK,False
1e2efda5-acfb-4830-843b-772608e50735,CUST-5636,2024-10-26 22:01:00,7712.02,wire_transfer,UK,False
78e55e05-dd54-425e-bb27-88dd0a513ff8,CUST-2252,2024-10-27 06:52:00,7828.56,transfer,US,False
f90a75a6-19d0-472b-a5de-af2750f554b1,CUST-3213,2024-10-27 23:46:00,1399.16,wire_transfer,US,False
a38c78c0-2315-4262-8dc3-bcf979598a43,CUST-9519,2024-10-28 13:19:00,5121.98,deposit,CA,False
d094e471-1768-4cbc-a7d4-c6a6af1ce5d4,CUST-2010,2024-10-30 07:33:00,6123.04,deposit,US,False
c8f88222-47e8-4fdb-8a62-43b1ccc679b9,CUST-3579,2024-10-30 08:20:00,7666.9,deposit,US,False
dd8107fc-fcc3-4c0d-9f33-14d5efa98b80,CUST-6045,2024-10-31 15:18:00,303.43,transfer,US,False
99de39db-bce4-4531-a4bc-d8f16b5bb481,CUST-9811,2024-11-01 13:22:00,6559.62,transfer,UK,False
1fc96b44-0be8-4ee7-b156-ae104a9a4ea5,CUST-3797,2024-11-04 04:48:00,6834.78,deposit,US,False
2e3720e9-a35e-48ad-8e6c-1f842eb91dd5,CUST-9549,2024-11-04 16:25:00,4505.7,deposit,US,False
d4f1c1fb-248b-4164-90d3-3eddd49b2ef3,CUST-6230,2024-11-04 22:27:00,1508.14,wire_transfer,US,False
19a80490-050e-4b5b-a483-eb406f8aa63d,CUST-4435,2024-11-05 06:45:00,3092.49,transfer,CA,False
19525c55-38db-469a-a1cb-4ebf12571ef4,CUST-4827,2024-11-05 13:06:00,7139.93,deposit,CA,False
4f5697bf-fb0a-44c2-8c02-ea0274b8ca19,CUST-7951,2024-11-05 19:02:00,7863.85,withdrawal,CA,False
77ed8987-d27a-4461-918e-1fc66d02e870,CUST-6045,2024-11-05 22:13:00,3575.72,withdrawal,CA,False
2e91cf4e-d178-4ea7-8b76-2b2c6a0781fb,CUST-8636,2024-11-06 13:13:00,8360.93,withdrawal,US,False
433a848d-8aaf-4b3e-833e-87bc4db85382,CUST-5636,2024-11-08 12:37:00,1036.95,transfer,UK,False
95a81001-0c68-4f94-9a41-1fa01d97cfdd,CUST-3905,2024-11-09 01:36:00,8852.64,wire_transfer,US,False
794499f8-143e-419b-bd71-41889eed396a,CUST-2252,2024-11-09 09:44:00,8249.15,wire_transfer,US,False
1ef35d25-b74a-4be7-9612-e28d9eb5a8f9,CUST-4827,2024-11-09 15:55:00,7636.91,deposit,US,False
4dcf5e2d-8b93-4b34-b94e-d3d8ddf9506e,CUST-3465,2024-11-10 06:28:00,5333.91,wire_transfer,US,False
420bd16d-1d46-4eee-9a49-9a3e5f534b5b,CUST-6253,2024-11-10 19:25:00,8720.6,transfer,US,False
02d5bf44-db76-4748-bdc4-2aeefc50562c,CUST-6253,2024-11-11 06:29:00,971.68,transfer,US,False
3253fef2-1b9c-444b-b749-129c2c5c9376,CUST-8953,2024-11-11 13:17:00,304.12,transfer,US,False
544f1774-808e-4fb7-b155-f9b6140c915f,CUST-6374,2024-11-11 23:53:00,2700.12,transfer,CA,False
42103482-c616-4ee9-994b-7468f2856e1f,CUST-8132,2024-11-12 02:15:00,5684.14,transfer,US,False
1a6ff4de-70a6-4121-8ccf-d52dc2b203f1,CUST-8723,2024-11-12 04:38:00,3396.71,withdrawal,US,False
d62d55e8-40d3-44b1-9f27-b70e872efd34,CUST-6253,2024-11-12 07:49:00,4707.93,wire_transfer,UK,False
82451180-dc26-4ad1-9321-bc23de0079c8,CUST-3465,2024-11-14 04:15:00,1144.73,deposit,CA,False
d22811f2-8fb1-487f-ae58-dc73443a4e57,CUST-3884,2024-11-14 14:04:00,1006.61,wire_transfer,CA,False
fd63687f-116e-4cb9-90ea-300c22c7845a,CUST-6045,2024-11-15 05:46:00,3944.68,wire_transfer,US,False
d6921b09-7d83-4e1b-bfe5-99a564873028,CUST-8953,2024-11-16 07:17:00,3964.45,transfer,US,False
a03fa789-79e2-4653-abea-6273440c47ba,CUST-6374,2024-11-16 09:46:00,6297.98,withdrawal,UK,False
952fbbbf-0ba2-4c62-9010-3ea0f7d07601,CUST-8723,2024-11-17 15:29:00,6792.47,wire_transfer,CA,False
cf36e9fd-bce5-4d11-8e0e-40ad301626ef,CUST-6374,2024-11-18 05:11:00,5767.91,wire_transfer,UK,False
976562dd-daa9-46b5-9490-3c45ce00f891,CUST-1211,2024-11-20 00:05:00,6717.54,withdrawal,UK,False
0411ec53-c9c3-4a0d-84dc-fe7cbc556588,CUST-2980,2024-11-20 02:25:00,4645.37,transfer,US,False
17fbae71-17d7-4bd0-b821-8ab6146e0a8c,CUST-2010,2024-11-20 09:15:00,2281.61,withdrawal,UK,False
e6244523-0b05-4608-a376-8db8a2200318,CUST-3905,2024-11-21 19:20:00,7779.58,transfer,US,False
346580d4-dd95-45a0-95b4-e7d9524124c8,CUST-6253,2024-11-22 02:06:00,6922.9,transfer,US,False
5077d43d-2d22-4e79-bb7b-a80ad16eeeb5,CUST-9340,2024-11-22 21:59:00,5552.51,wire_transfer,UK,False
8c4c2a8d-40fe-4c1d-bbe8-d25e69998023,CUST-9519,2024-11-23 13:44:00,2258.38,transfer,US,False
671bfb48-8faf-489f-8094-b1bb2382a3b5,CUST-5269,2024-11-23 22:35:00,1984.34,transfer,US,False
d69d3fa2-8f59-4321-9bab-3815e1fd8245,CUST-4435,2024-11-24 09:30:00,2211.45,wire_transfer,US,False
193ca705-4714-431a-a864-908d7a6b57f0,CUST-9987,2024-11-24 15:55:00,3347.2,deposit,CA,False
5a1278c6-e736-4177-84c9-3beba687e4a6,CUST-1665,2024-11-24 16:25:00,6118.87,transfer,US,False
6991e39e-e0d1-431b-9f48-fada77c270ff,CUST-3884,2024-11-26 01:19:00,7099.61,deposit,CA,False
ab20d59e-7416-4df0-8ef7-94342b1f96b7,CUST-4435,2024-11-26 01:50:00,8082.23,withdrawal,UK,False
887b26b4-de4b-4f1f-8876-5c9695feffd7,CUST-5269,2024-11-26 02:15:00,4985.04,transfer,US,False
21b13727-8a1b-4b8f-bba0-1c3dfb717879,CUST-5726,2024-11-26 04:15:00,934.21,transfer,US,False
b507b455-0095-40e1-af61-f66b33061152,CUST-1540,2024-11-27 02:40:00,7416.46,transfer,UK,False
d97b4e8c-91b5-474a-970a-e9473f7f91ae,CUST-8851,2024-11-27 04:31:00,8394.55,transfer,CA,False
bc4935bf-7d94-45bb-98fe-0bc46a008c15,CUST-9920,2024-11-27 06:18:00,3219.2,deposit,US,False
1d6c16e7-a68e-4f17-96a4-68637e788c3f,CUST-4827,2024-11-27 10:00:00,7647.68,wire_transfer,US,False
bdf03c8e-4939-44ae-8107-c586d0b8dc64,CUST-9549,2024-11-28 22:34:00,3781.48,wire_transfer,CA,False
c79b7f9b-63b2-4347-8558-878f07ce9642,CUST-0860,2024-11-29 04:31:00,8683.77,withdrawal,CA,False
6280bc05-7bf7-497d-b9b3-f7dd67493ecc,CUST-5293,2024-11-29 06:20:00,5449.0,withdrawal,US,False
f99143a9-5dbd-46bb-9e43-ed6d8225085a,CUST-4827,2024-11-30 15:26:00,6165.42,wire_transfer,UK,False
fa472b56-827a-484e-9835-dc2232e4c786,CUST-6230,2024-12-01 08:47:00,4316.92,withdrawal,CA,False
f7b9e5cb-e5d8-4b37-96fd-68185f8ce5db,CUST-3985,2024-12-01 13:14:00,13045.05,wire_transfer,KP,True
6640b8cb-2ccf-42d0-b819-accc27ea49a3,CUST-0705,2024-12-01 21:21:00,2323.37,wire_transfer,UK,False
d8740e84-7677-4d26-b852-167f9c9eaa10,CUST-5726,2024-12-02 19:55:00,1361.86,deposit,CA,False
b671a738-5d9d-4ecf-a51d-0fffa1119309,CUST-3465,2024-12-03 06:25:00,2961.07,deposit,US,False
5269d5de-aeb3-4390-b855-47cfff9237c0,CUST-8132,2024-12-03 16:19:00,4127.8,deposit,US,False
98831d1b-6979-49b1-914c-5ae8ed75af27,CUST-5293,2024-12-05 00:05:00,5788.32,withdrawal,UK,False
17cebb67-cd3b-48cc-9e1b-d633aa59c329,CUST-4769,2024-12-05 06:41:00,5759.04,deposit,US,False
ad055d0e-a1f6-4168-8148-c8b3a59640f7,CUST-1665,2024-12-06 13:55:00,8243.43,deposit,US,False
fc30c979-1016-41fc-8edb-38e0f584f38c,CUST-3884,2024-12-06 22:22:00,7652.46,wire_transfer,US,False
cffd4ab5-7586-4bb9-937b-a8676689945e,CUST-0860,2024-12-08 02:33:00,8772.14,deposit,CA,False
9d868b97-5b3b-4684-92af-e3432e5e1579,CUST-0705,2024-12-08 11:04:00,3579.67,deposit,UK,False
0fa69f02-6cab-441d-89c8-63e6ee988570,CUST-9987,2024-12-08 16:14:00,5745.12,deposit,US,False
a9bd0955-9361-4d7b-b55e-14058da2598c,CUST-8594,2024-12-09 15:33:00,8693.59,transfer,CA,False
6a3a9b1b-ff1d-4667-90d3-0ba69883996b,CUST-5726,2024-12-09 17:13:00,4319.75,transfer,US,False
329d1cfe-2b1a-4118-a149-e0687504419a,CUST-6374,2024-12-09 20:23:00,3948.52,wire_transfer,US,False
808f9757-7ae2-4183-87ac-6de6da1e5a02,CUST-6253,2024-12-10 10:15:00,2722.86,withdrawal,CA,False
76a5a7a2-f5b9-4a3b-951c-93108b8a6b5b,CUST-3905,2024-12-10 15:18:00,4834.85,deposit,UK,False
94c15446-5f60-43b8-b2ea-2ea705bf182a,CUST-0598,2024-12-10 23:43:00,2366.83,wire_transfer,US,False
c13e0652-8528-4155-95ea-9fad6a29a233,CUST-5293,2024-12-11 06:11:00,5502.48,wire_transfer,UK,False
d0b7af46-9db2-4572-b977-e490bfbd9e35,CUST-9811,2024-12-11 07:30:00,234.97,transfer,CA,False
075a815b-af5c-4923-a39d-024ea1afa377,CUST-5293,2024-12-12 12:25:00,8473.82,withdrawal,US,False
c88dd110-dc71-4768-9ae9-d3c7b9fa22df,CUST-1665,2024-12-12 23:43:00,5793.35,transfer,CA,False
11d62b8d-e9c7-4aa5-9ec8-e5422dc56a24,CUST-4550,2024-12-13 05:01:00,1293.59,wire_transfer,US,False
a125f3d1-a22b-49a1-ac88-89086111b5a4,CUST-7951,2024-12-13 18:31:00,4747.14,transfer,US,False
78501d93-39d9-42fd-9b4a-38dd269298b9,CUST-3797,2024-12-14 18:42:00,3426.85,transfer,US,False
f6ef6538-6275-4a45-8ad0-2efae42bc925,CUST-4822,2024-12-15 05:48:00,4244.42,deposit,US,False
9b224cc0-8cfa-4e16-a3bc-42118ffa432a,CUST-2252,2024-12-15 07:42:00,934.11,wire_transfer,CA,False
b15fa828-3cf3-4f2c-8999-8610d3463909,CUST-4769,2024-12-15 21:55:00,4858.31,transfer,US,False
d6ebff33-60c6-4b59-97a7-ee617b8de004,CUST-3680,2024-12-19 20:15:00,926.09,transfer,CA,False
3271b19b-fa91-4643-93c1-2e7fc666f94d,CUST-4827,2024-12-20 13:34:00,340.52,transfer,CA,False
6f5769f2-5d60-48f5-9801-fd2b56ae2c99,CUST-3884,2024-12-21 00:21:00,5036.55,wire_transfer,SY,True
cea12fd2-8c30-41d5-84f0-c0c3371320e4,CUST-0860,2024-12-21 08:01:00,1631.94,transfer,US,False
fcd92aa5-ec60-433b-8b58-bcca98721601,CUST-5301,2024-12-21 09:57:00,270.24,transfer,US,False
9a76a056-6ab9-4adf-a319-3dbf1f8bcda0,CUST-3213,2024-12-21 15:18:00,5966.63,wire_transfer,CA,False
50b9d5c2-ef06-4c0e-8ca7-fe0060432b98,CUST-4435,2024-12-21 20:31:00,8710.19,withdrawal,US,False
a782a42d-53a3-4ee9-9169-d988fccdf082,CUST-5203,2024-12-22 07:19:00,6159.53,deposit,US,False
cade80d3-ab68-4b00-9d54-7ad99f10a7ea,CUST-7525,2024-12-22 13:26:00,1351.47,wire_transfer,US,False
d6ddd107-cddf-494e-8557-4bc720e43c8e,CUST-4435,2024-12-24 09:01:00,8801.72,wire_transfer,US,False
20bdf75f-cb6b-410e-a554-176b4ff0993b,CUST-0860,2024-12-25 23:43:00,8212.91,deposit,UK,False
07480102-b930-4076-9259-fa62bdb093a5,CUST-9549,2024-12-26 02:02:00,5954.76,transfer,US,False
6998121f-5cfa-4286-9f25-7ed3f05d5d7e,CUST-0705,2024-12-27 13:35:00,96.93,deposit,US,False
11a0c64b-b75c-4ead-a594-629aa07cdc0f,CUST-9920,2024-12-27 15:28:00,5541.98,deposit,US,False
6535a1fc-8f27-4612-ab78-85b885c6a42b,CUST-6253,2024-12-28 02:19:00,5034.71,transfer,US,False
4720d655-f171-40c7-b3ec-a9f2891230cf,CUST-8132,2024-12-28 13:00:00,4684.08,withdrawal,US,False
442d84d4-58ba-425e-b60d-d8b0487ab101,CUST-5203,2024-12-28 14:28:00,4721.38,withdrawal,US,False
f9692b9c-4ebb-4784-a9f9-69cb49120f8b,CUST-6374,2024-12-29 20:26:00,2612.74,wire_transfer,US,False
677ab8c3-9925-458c-b676-787120abcc70,CUST-3905,2024-12-30 15:28:00,7138.47,deposit,US,False
ccc90248-5c5b-4b8d-a9ad-de62d49ef1e4,CUST-8594,2024-12-30 18:40:00,13083.72,deposit,US,True
7ca3af05-b224-48e0-9dcb-3bc1cde3adb0,CUST-5301,2024-12-30 22:59:00,6304.97,withdrawal,US,False
98977eb3-5e6a-4019-b9ba-1c618ab2378a,CUST-2010,2024-12-31 10:51:00,4268.96,wire_transfer,US,False
